{"name":"2b60b047-63aa-4181-91f5-57c536d47f24","id":"/providers/Microsoft.Flow/flows/2b60b047-63aa-4181-91f5-57c536d47f24","type":"Microsoft.Flow/flows","properties":{"apiId":"/providers/Microsoft.PowerApps/apis/shared_logicflows","displayName":"NG Delete Syncblocker events (Google)","definition":{"metadata":{"workflowEntityId":null,"processAdvisorMetadata":null,"flowChargedByPaygo":null,"flowclientsuspensionreason":"None","flowclientsuspensiontime":null,"flowclientsuspensionreasondetails":null,"creator":{"id":"6a3f8d4b-482b-4acb-9128-c4748e9b93a1","type":"User","tenantId":"331e8350-a57c-43c3-9a37-d76cf8000f52"},"provisioningMethod":"FromDefinition","failureAlertSubscription":true,"clientLastModifiedTime":"2024-10-31T17:56:08.1710749Z","connectionKeySavedTimeKey":"2024-10-31T17:56:08.1710749Z"},"$schema":"https://schema.management.azure.com/providers/Microsoft.Logic/schemas/2016-06-01/workflowdefinition.json#","contentVersion":"1.0.0.0","parameters":{"$connections":{"defaultValue":{},"type":"Object"},"$authentication":{"defaultValue":{},"type":"SecureObject"}},"triggers":{"manual":{"metadata":{"operationMetadataId":"6bb9772e-dbc1-4e4e-9e01-437eb490080d"},"type":"Request","kind":"Button","inputs":{"schema":{"type":"object","properties":{},"required":[]}}}},"actions":{"Setting:_future_days_to_delete":{"runAfter":{"Instructions":["Succeeded"]},"metadata":{"operationMetadataId":"4cc72b9c-75eb-435f-8187-c1922e4e2594"},"type":"InitializeVariable","inputs":{"variables":[{"name":"futureDays","type":"integer","value":250}]}},"Setting:_dry-run":{"runAfter":{"Setting:_past_days_to_delete":["Succeeded"]},"metadata":{"operationMetadataId":"de03e859-0938-4e4d-a3f8-ae8f13235fef"},"type":"InitializeVariable","inputs":{"variables":[{"name":"dryRun","type":"boolean","value":true}]}},"Delete_if_not_dry_run":{"actions":{"Apply_to_each_by_attendees":{"foreach":"@body('sb_by_attendees')","actions":{"Delete_an_event":{"runAfter":{},"metadata":{"operationMetadataId":"ce8767bb-9c7d-44db-9af0-32130fe0b6dd"},"type":"OpenApiConnection","inputs":{"host":{"apiId":"/providers/Microsoft.PowerApps/apis/shared_googlecalendar","connectionName":"shared_googlecalendar","operationId":"DeleteEvent"},"parameters":{"calendarId":"peterpan9121@gmail.com","eventId":"@items('Apply_to_each_by_attendees')['id']"},"authentication":{"value":"@json(decodeBase64(triggerOutputs().headers['X-MS-APIM-Tokens']))['$ConnectionKey']","type":"Raw"}}}},"runAfter":{},"metadata":{"operationMetadataId":"eb9e8ea4-a8c3-46e9-9e5e-1757c3503d8b"},"type":"Foreach"}},"runAfter":{"sb_by_attendees":["Succeeded"]},"expression":{"equals":["@variables('dryRun')",false]},"metadata":{"operationMetadataId":"97d0a41e-b07f-44b6-a75a-28d582b6db10"},"type":"If"},"Instructions":{"runAfter":{},"metadata":{"operationMetadataId":"1cdd29bf-f982-4fc3-83e5-8cc5260b621b"},"type":"InitializeVariable","inputs":{"variables":[{"name":"dummy","type":"string"}]},"description":"Select the same Google calendar connection and calendar ID in the \"List the events on a calendar\" action and the \"Delete an event\" action. Run the flow in dry-run mode first, verify that the \"sb by attendees\" action output looks correct."},"List_the_events_on_a_calendar":{"runAfter":{"Setting:_dry-run":["Succeeded"]},"metadata":{"operationMetadataId":"63fc77ae-35bb-471b-9bff-43c2acff481a"},"type":"OpenApiConnection","inputs":{"host":{"apiId":"/providers/Microsoft.PowerApps/apis/shared_googlecalendar","connectionName":"shared_googlecalendar","operationId":"ListEvents"},"parameters":{"calendarId":"peterpan9121@gmail.com","timeMin":"@getPastTime(variables('pastDays'), 'Day')","timeMax":"@addDays(utcNow(), variables('futureDays'))"},"authentication":{"value":"@json(decodeBase64(triggerOutputs().headers['X-MS-APIM-Tokens']))['$ConnectionKey']","type":"Raw"}}},"Setting:_past_days_to_delete":{"runAfter":{"Setting:_future_days_to_delete":["Succeeded"]},"metadata":{"operationMetadataId":"4f913918-eb07-4160-99d4-abb8b12326eb"},"type":"InitializeVariable","inputs":{"variables":[{"name":"pastDays","type":"integer","value":10}]}},"sb_by_attendees":{"runAfter":{"List_the_events_on_a_calendar":["Succeeded"]},"metadata":{"operationMetadataId":"9dad12ed-c80b-4e02-a27f-e35e90810947"},"type":"Query","inputs":{"from":"@outputs('List_the_events_on_a_calendar')?['body/items']","where":"@greater(indexOf(split(item()?['attendees'], ',')[0], '.invalid'), indexOf(split(item()?['attendees'], ',')[0], '@'))"}}},"outputs":{}},"connectionReferences":{"shared_googlecalendar":{"connectionName":"a5644c53f9694551864e8353b972b9eb","source":"Invoker","id":"/providers/Microsoft.PowerApps/apis/shared_googlecalendar","tier":"NotSpecified"}},"flowFailureAlertSubscribed":false,"isManaged":false}}