{"name":"4e613dee-13e5-45fb-a18e-99e60e1d88e7","id":"/providers/Microsoft.Flow/flows/4e613dee-13e5-45fb-a18e-99e60e1d88e7","type":"Microsoft.Flow/flows","properties":{"apiId":"/providers/Microsoft.PowerApps/apis/shared_logicflows","displayName":"NG Delete Syncblocker events (Outlook)","definition":{"metadata":{"workflowEntityId":null,"processAdvisorMetadata":null,"flowChargedByPaygo":null,"flowclientsuspensionreason":"None","flowclientsuspensiontime":null,"flowclientsuspensionreasondetails":null,"creator":{"id":"6a3f8d4b-482b-4acb-9128-c4748e9b93a1","type":"User","tenantId":"331e8350-a57c-43c3-9a37-d76cf8000f52"},"provisioningMethod":"FromDefinition","failureAlertSubscription":true,"clientLastModifiedTime":"2024-10-31T18:04:40.6323311Z","connectionKeySavedTimeKey":"2024-10-31T18:04:40.6323311Z"},"$schema":"https://schema.management.azure.com/providers/Microsoft.Logic/schemas/2016-06-01/workflowdefinition.json#","contentVersion":"1.0.0.0","parameters":{"$connections":{"defaultValue":{},"type":"Object"},"$authentication":{"defaultValue":{},"type":"SecureObject"}},"triggers":{"manual":{"metadata":{"operationMetadataId":"6bb9772e-dbc1-4e4e-9e01-437eb490080d"},"type":"Request","kind":"Button","inputs":{"schema":{"type":"object","properties":{},"required":[]}}}},"actions":{"Get_calendar_view_of_events_(V3)":{"runAfter":{"Setting:_dry-run":["Succeeded"]},"metadata":{"operationMetadataId":"9f1326b1-d2f0-4d6a-a702-0abfbadf3921"},"type":"OpenApiConnection","inputs":{"host":{"apiId":"/providers/Microsoft.PowerApps/apis/shared_office365","connectionName":"shared_office365","operationId":"GetEventsCalendarViewV3"},"parameters":{"calendarId":"AAMkAGRiOTlhZjY3LTQzNWUtNGM0Ny05MGMwLWFmNDBlNzAxMDQ5OQBGAAAAAADBo9O3K16XQLoK7AG7_ka5BwARhE7LLMewTpXLsn71Fh9UAAAAAAEGAAARhE7LLMewTpXLsn71Fh9UAAAAAGFhAAA=","startDateTimeUtc":"@addDays(utcNow(), variables('startOffsetDays'))","endDateTimeUtc":"@addDays(addDays(utcNow(), variables('startOffsetDays')), variables('days'))","$orderby":"Start/DateTime","$top":999},"authentication":{"value":"@json(decodeBase64(triggerOutputs().headers['X-MS-APIM-Tokens']))['$ConnectionKey']","type":"Raw"}}},"Store_events":{"runAfter":{"Get_calendar_view_of_events_(V3)":["Succeeded"]},"metadata":{"operationMetadataId":"efb32c67-e26f-4933-9b07-b9f1f48be1d7"},"type":"InitializeVariable","inputs":{"variables":[{"name":"calevents","type":"array","value":"@outputs('Get_calendar_view_of_events_(V3)')?['body/value']"}]}},"Setting:_dry-run":{"runAfter":{"Setting:_days_to_delete":["Succeeded"]},"metadata":{"operationMetadataId":"de03e859-0938-4e4d-a3f8-ae8f13235fef"},"type":"InitializeVariable","inputs":{"variables":[{"name":"dryRun","type":"boolean","value":true}]}},"Delete_if_not_dry_run":{"actions":{"Apply_to_each_by_attendees":{"foreach":"@body('sb_by_attendees')","actions":{"Delete_event_(V2)":{"runAfter":{},"metadata":{"operationMetadataId":"b70beada-9868-42b1-9e14-467aa8a78dfa"},"type":"OpenApiConnection","inputs":{"host":{"apiId":"/providers/Microsoft.PowerApps/apis/shared_office365","connectionName":"shared_office365","operationId":"CalendarDeleteItem_V2"},"parameters":{"calendar":"AAMkAGRiOTlhZjY3LTQzNWUtNGM0Ny05MGMwLWFmNDBlNzAxMDQ5OQBGAAAAAADBo9O3K16XQLoK7AG7_ka5BwARhE7LLMewTpXLsn71Fh9UAAAAAAEGAAARhE7LLMewTpXLsn71Fh9UAAAAAGFhAAA=","event":"@items('Apply_to_each_by_attendees')['id']"},"authentication":{"value":"@json(decodeBase64(triggerOutputs().headers['X-MS-APIM-Tokens']))['$ConnectionKey']","type":"Raw"}}}},"runAfter":{},"metadata":{"operationMetadataId":"b8399e95-76f4-43a3-b269-3a27b7c4ff3d"},"type":"Foreach"}},"runAfter":{"sb_by_attendees":["Succeeded"]},"expression":{"equals":["@variables('dryRun')",false]},"metadata":{"operationMetadataId":"97d0a41e-b07f-44b6-a75a-28d582b6db10"},"type":"If"},"Instructions":{"runAfter":{},"metadata":{"operationMetadataId":"1cdd29bf-f982-4fc3-83e5-8cc5260b621b"},"type":"InitializeVariable","inputs":{"variables":[{"name":"dummy","type":"string"}]},"description":"Select the same Outlook calendar connection and calendar ID in the \"Get calendar view of events (V3)\" action and the \"Delete event (V2)\" action. Run the flow in dry-run mode first, check that the output of the \"sb by attendees\" action looks correct."},"Setting:_offset_to_start":{"runAfter":{"Instructions":["Succeeded"]},"metadata":{"operationMetadataId":"22115c88-5933-44c0-9582-7f7e72e35248"},"type":"InitializeVariable","inputs":{"variables":[{"name":"startOffsetDays","type":"integer","value":0}]},"description":"Because the Outlook API limits the max. no. of events returned per flow call, running this flow might only delete the SyncBlocker events of the next X days (where X < \"days to delete\" setting). To delete events beyond set, increase this offset."},"Setting:_days_to_delete":{"runAfter":{"Setting:_offset_to_start":["Succeeded"]},"metadata":{"operationMetadataId":"4cc72b9c-75eb-435f-8187-c1922e4e2594"},"type":"InitializeVariable","inputs":{"variables":[{"name":"days","type":"integer","value":31}]},"description":"How many future days (relative to the above \"offset\" setting) to consider when deleting SyncBlocker events."},"sb_by_attendees":{"runAfter":{"Store_events":["Succeeded"]},"metadata":{"operationMetadataId":"c3cff064-10bf-41b6-9e29-2046f0992d70"},"type":"Query","inputs":{"from":"@variables('calevents')","where":"@greater(indexOf(split(item()?['requiredAttendees'], ';')[0], '.invalid'), indexOf(split(item()?['requiredAttendees'], ';')[0], '@'))"}}},"outputs":{}},"connectionReferences":{"shared_office365":{"connectionName":"shared-office365-60785805-c0f6-42e7-953f-862bc362d824","source":"Invoker","id":"/providers/Microsoft.PowerApps/apis/shared_office365","tier":"NotSpecified"}},"flowFailureAlertSubscribed":false,"isManaged":false}}